"location","overll_difference","a_effect","p_effect","r_effect","a_percent","p_percent","r_percent","val_1990","val_2023","diff1"
"China",-149876.22,92368.345,26150.981,-268395.549,-61.63,-17.45,179.08,174627.948613479,24751.731667492,-149876.216945987
"India",-369402.99,239929.991,346577.182,-955910.162,-64.95,-93.82,258.77,704271.421177691,334868.432687197,-369402.988490494
"United States of America",-1313.18,524.937,498.283,-2336.4,-39.97,-37.94,177.92,2229.08277685448,916.288536770734,-1312.79424008375
"Brazil",-904.82,4004.826,2991.421,-7901.07,-442.61,-330.61,873.22,8156.06175795349,7250.05400976048,-906.00774819301
"Russian Federation",-5670.61,1634.119,-195.238,-7109.494,-28.82,3.44,125.37,10428.5746544974,4766.91014553596,-5661.66450896144
"South Africa",5381.07,5465.776,11246.524,-11331.228,101.57,209,-210.58,17555.9156771167,22974.4475180932,5418.5318409765
"Japan",-1247.38,5602.658,43.89,-6893.931,-449.15,-3.52,552.67,5301.73856028607,4054.36706230234,-1247.37149798373
